"effect","group","term","estimate","std.error","statistic","df","p.value","model","marg_r2","cond_r2","CommonName"
"fixed",NA,"(Intercept)",-0.519002168767354,0.191918764441076,-2.70428048179051,20.61873455758,0.013418209259326,"lastgen",0.118144502718074,0.496711701600401,"American Copper"
"fixed",NA,"zdensann",-0.474581915631827,0.0730921996029898,-6.49292151843265,156.976879864571,1.05207551731268e-09,"lastgen",0.118144502718074,0.496711701600401,"American Copper"
"fixed",NA,"zyear",-0.00992560253498901,0.0132482593020419,-0.749200503152832,181.592512698571,0.454705765824135,"lastgen",0.118144502718074,0.496711701600401,"American Copper"
"ran_pars","SiteID","sd__(Intercept)",0.824322051452847,NA,NA,NA,NA,"lastgen",0.118144502718074,0.496711701600401,"American Copper"
"ran_pars","Residual","sd__Observation",0.950459998189472,NA,NA,NA,NA,"lastgen",0.118144502718074,0.496711701600401,"American Copper"
"fixed",NA,"(Intercept)",-0.424887057818234,0.0789188542790712,-5.38384726564525,84.7014574122342,6.40577816834946e-07,"lastgen",0.165380116156179,0.409409815870938,"Black Swallowtail"
"fixed",NA,"zdensann",-0.45911318554225,0.0525158218150654,-8.74237838568,598.711038444174,2.29794562944056e-17,"lastgen",0.165380116156179,0.409409815870938,"Black Swallowtail"
"fixed",NA,"zyear",-0.000630551988007684,0.00670725745295618,-0.0940104047638387,648.614494267707,0.92512992422569,"lastgen",0.165380116156179,0.409409815870938,"Black Swallowtail"
"fixed",NA,"zordsite",-1.56390687026294,0.300202068395227,-5.20951397378115,116.292363253877,8.28920124270349e-07,"lastgen",0.165380116156179,0.409409815870938,"Black Swallowtail"
"fixed",NA,"zordann",0.274777657104238,0.147136019634925,1.8675077508962,594.980312263592,0.0623221646883223,"lastgen",0.165380116156179,0.409409815870938,"Black Swallowtail"
"fixed",NA,"zordsite:zordann",1.6079807347509,0.577458872976588,2.78458053031958,594.11589356341,0.00553049449921498,"lastgen",0.165380116156179,0.409409815870938,"Black Swallowtail"
"ran_pars","SiteID","sd__(Intercept)",0.612942290953604,NA,NA,NA,NA,"lastgen",0.165380116156179,0.409409815870938,"Black Swallowtail"
"ran_pars","Residual","sd__Observation",0.953545359027485,NA,NA,NA,NA,"lastgen",0.165380116156179,0.409409815870938,"Black Swallowtail"
"fixed",NA,"(Intercept)",-0.584562953775534,0.0400585293308506,-14.5927212890798,106.588078137934,3.64793792169303e-27,"lastgen",0.620438200157195,0.697893053878267,"Cabbage White"
"fixed",NA,"zdensann",-0.253281475705119,0.0296201294311123,-8.55099152399647,1236.72552071021,3.55250877108252e-17,"lastgen",0.620438200157195,0.697893053878267,"Cabbage White"
"fixed",NA,"zyear",0.0284926167379339,0.00357406509065009,7.97204751879642,1146.43038745356,3.7487797233046e-15,"lastgen",0.620438200157195,0.697893053878267,"Cabbage White"
"fixed",NA,"zordsite",-3.34346854754053,0.162607703718776,-20.561563019935,104.451934000328,1.65641757846258e-38,"lastgen",0.620438200157195,0.697893053878267,"Cabbage White"
"fixed",NA,"zordann",-1.54835369751085,0.0872241116553623,-17.7514412944515,1207.17765302596,8.01999106191739e-63,"lastgen",0.620438200157195,0.697893053878267,"Cabbage White"
"fixed",NA,"zordsite:zordann",-3.61023900994169,0.335488917012565,-10.7611274974144,1196.94787082287,7.64824467551651e-26,"lastgen",0.620438200157195,0.697893053878267,"Cabbage White"
"ran_pars","SiteID","sd__(Intercept)",0.344940945789347,NA,NA,NA,NA,"lastgen",0.620438200157195,0.697893053878267,"Cabbage White"
"ran_pars","Residual","sd__Observation",0.681241013173643,NA,NA,NA,NA,"lastgen",0.620438200157195,0.697893053878267,"Cabbage White"
"fixed",NA,"(Intercept)",-1.43911691362177,0.370650124808082,-3.88268293277096,14.6108978683263,0.00153977872986925,"lastgen",0.258037915937136,0.718867700278124,"Crossline Skipper"
"fixed",NA,"zdensann",-0.821479264443158,0.184949507259007,-4.44164073004391,49.5077614474367,5.01541386818029e-05,"lastgen",0.258037915937136,0.718867700278124,"Crossline Skipper"
"fixed",NA,"zyear",0.0966410089794358,0.0248860924436178,3.88333400265175,55.0221921025272,0.000278541831542365,"lastgen",0.258037915937136,0.718867700278124,"Crossline Skipper"
"fixed",NA,"zordann",1.10624095884007,0.451907260211195,2.44793800905761,49.3334107335438,0.0179706808475935,"lastgen",0.258037915937136,0.718867700278124,"Crossline Skipper"
"ran_pars","SiteID","sd__(Intercept)",1.3225867480027,NA,NA,NA,NA,"lastgen",0.258037915937136,0.718867700278124,"Crossline Skipper"
"ran_pars","Residual","sd__Observation",1.03302128282335,NA,NA,NA,NA,"lastgen",0.258037915937136,0.718867700278124,"Crossline Skipper"
"fixed",NA,"(Intercept)",-1.87559690088233,0.437148921951535,-4.29052162020493,25.5063908417618,0.000225994565251302,"lastgen",0.0829437281222744,0.910894705998265,"Delaware Skipper"
"fixed",NA,"zdensann",-0.850474882841499,0.123993948327838,-6.85900315548351,50.7735216395405,9.28130510029636e-09,"lastgen",0.0829437281222744,0.910894705998265,"Delaware Skipper"
"fixed",NA,"zyear",0.0458377475609083,0.0249845786024292,1.83464161194424,58.7618955360692,0.0716225406008539,"lastgen",0.0829437281222744,0.910894705998265,"Delaware Skipper"
"ran_pars","SiteID","sd__(Intercept)",2.07930497084728,NA,NA,NA,NA,"lastgen",0.0829437281222744,0.910894705998265,"Delaware Skipper"
"ran_pars","Residual","sd__Observation",0.682130759677717,NA,NA,NA,NA,"lastgen",0.0829437281222744,0.910894705998265,"Delaware Skipper"
NA,NA,"(Intercept)",-2.88507043505533,0.161473294831449,-17.8671676828473,NA,1.37415102205345e-22,"lastgen",0.627814275585061,NA,"Dreamy Duskywing"
NA,NA,"zdensann",-0.883954383478297,0.272430797058692,-3.24469330568327,NA,0.00216861605065778,"lastgen",0.627814275585061,NA,"Dreamy Duskywing"
NA,NA,"zyear",-0.00866330261653009,0.0244312386886865,-0.354599401484374,NA,0.724475888082015,"lastgen",0.627814275585061,NA,"Dreamy Duskywing"
NA,NA,"zordsite",-3.82137782123057,0.509205782189305,-7.50458450177205,NA,1.41030422513826e-09,"lastgen",0.627814275585061,NA,"Dreamy Duskywing"
"fixed",NA,"(Intercept)",-1.75759394253539,0.0447788755081854,-39.2505153956827,73.9161570746487,3.00544136793909e-51,"lastgen",0.339605514582369,0.491780791764857,"Eastern Tailed Blue"
"fixed",NA,"zdensann",-0.0509838958292296,0.0248300717049484,-2.05331246864942,899.940441964951,0.0403308494857139,"lastgen",0.339605514582369,0.491780791764857,"Eastern Tailed Blue"
"fixed",NA,"zyear",0.0357243246278771,0.00369314472979049,9.67314504078579,993.40621386327,3.26324093408739e-21,"lastgen",0.339605514582369,0.491780791764857,"Eastern Tailed Blue"
"fixed",NA,"zordsite",-2.07574765304507,0.204933741424501,-10.1288720862484,74.746363691986,1.13612474598897e-15,"lastgen",0.339605514582369,0.491780791764857,"Eastern Tailed Blue"
"fixed",NA,"zordann",-0.544019136499345,0.109032964675518,-4.98949228903703,902.013283210796,7.26282270202558e-07,"lastgen",0.339605514582369,0.491780791764857,"Eastern Tailed Blue"
"fixed",NA,"zordsite:zordann",2.75590531879194,0.461845610440849,5.96715711157529,901.421412617353,3.46654117376058e-09,"lastgen",0.339605514582369,0.491780791764857,"Eastern Tailed Blue"
"ran_pars","SiteID","sd__(Intercept)",0.361611490128778,NA,NA,NA,NA,"lastgen",0.339605514582369,0.491780791764857,"Eastern Tailed Blue"
"ran_pars","Residual","sd__Observation",0.660839065713762,NA,NA,NA,NA,"lastgen",0.339605514582369,0.491780791764857,"Eastern Tailed Blue"
"fixed",NA,"(Intercept)",-3.7203150121256,0.327430459768899,-11.3621530958097,49.2876433851899,2.25840836450065e-15,"lastgen",0.123374557304839,0.84229274586344,"European Skipper"
"fixed",NA,"zdensann",-0.924537979005412,0.0737735109624584,-12.5321130436084,217.964202708173,1.71817182045454e-27,"lastgen",0.123374557304839,0.84229274586344,"European Skipper"
"fixed",NA,"zyear",-0.00147013649586469,0.0143230000440231,-0.102641659662507,229.125055372967,0.918337152706805,"lastgen",0.123374557304839,0.84229274586344,"European Skipper"
"fixed",NA,"zordsite",-0.0704188751066211,1.51485118943659,-0.0464856717264827,54.9574415501345,0.963091665017182,"lastgen",0.123374557304839,0.84229274586344,"European Skipper"
"fixed",NA,"zordann",-0.375579633822935,0.41689391026204,-0.900899784280522,216.987828728524,0.368640416475274,"lastgen",0.123374557304839,0.84229274586344,"European Skipper"
"fixed",NA,"zordsite:zordann",-4.25865776274899,2.48329803957315,-1.71492011626643,215.663985839239,0.0877962936301092,"lastgen",0.123374557304839,0.84229274586344,"European Skipper"
"ran_pars","SiteID","sd__(Intercept)",2.20343696681499,NA,NA,NA,NA,"lastgen",0.123374557304839,0.84229274586344,"European Skipper"
"ran_pars","Residual","sd__Observation",1.032016713419,NA,NA,NA,NA,"lastgen",0.123374557304839,0.84229274586344,"European Skipper"
NA,NA,"(Intercept)",-1.47239139812507,0.185802696293287,-7.92448886640981,NA,7.13542760368991e-10,"lastgen",0.369181793996935,NA,"Gemmed Satyr"
NA,NA,"zdensann",-0.205513952375283,0.186699712327895,-1.10077273185266,NA,0.277264530955755,"lastgen",0.369181793996935,NA,"Gemmed Satyr"
NA,NA,"zyear",0.1459094814064,0.0334444392399501,4.36274264787516,NA,8.17358202876386e-05,"lastgen",0.369181793996935,NA,"Gemmed Satyr"
NA,NA,"zordsite",-5.13547728031787,2.40659931432715,-2.13391454478731,NA,0.0387331222874342,"lastgen",0.369181793996935,NA,"Gemmed Satyr"
"fixed",NA,"(Intercept)",-1.75861427741228,0.173579402311123,-10.1314686765666,12.8265914052074,1.74077460707051e-07,"lastgen",0.115940395282715,0.316568324457604,"Giant Swallowtail"
"fixed",NA,"zdensann",-0.785074387549256,0.214713529051341,-3.65638062500259,89.6472035518157,0.000430958721081458,"lastgen",0.115940395282715,0.316568324457604,"Giant Swallowtail"
"fixed",NA,"zyear",-0.0211074198057788,0.0200144912623631,-1.05460686105327,87.0421603341131,0.294523750264198,"lastgen",0.115940395282715,0.316568324457604,"Giant Swallowtail"
"fixed",NA,"zordsite",-1.64202751258168,0.932471987472476,-1.76094031203286,23.4571229362389,0.0912813819490093,"lastgen",0.115940395282715,0.316568324457604,"Giant Swallowtail"
"ran_pars","SiteID","sd__(Intercept)",0.605201148146455,NA,NA,NA,NA,"lastgen",0.115940395282715,0.316568324457604,"Giant Swallowtail"
"ran_pars","Residual","sd__Observation",1.11699595337805,NA,NA,NA,NA,"lastgen",0.115940395282715,0.316568324457604,"Giant Swallowtail"
"fixed",NA,"(Intercept)",0.548127301345316,0.0993171296122393,5.51896035946016,27.7704426061841,6.9114267723038e-06,"lastgen",0.305045723386107,0.500832732605944,"Hackberry Emperor"
"fixed",NA,"zdensann",-0.775619398757625,0.0581175154767797,-13.3457081293765,270.320805035991,1.49132696046092e-31,"lastgen",0.305045723386107,0.500832732605944,"Hackberry Emperor"
"fixed",NA,"zyear",0.00837390723242361,0.00852020248832249,0.982829603392714,309.523154037857,0.326458913434715,"lastgen",0.305045723386107,0.500832732605944,"Hackberry Emperor"
"fixed",NA,"zordsite",-0.101615693471419,0.305561207081125,-0.332554300469301,32.0101405822525,0.741638851464119,"lastgen",0.305045723386107,0.500832732605944,"Hackberry Emperor"
"fixed",NA,"zordann",0.153319069780686,0.186052922777144,0.824061602968382,270.808439212534,0.410629730122861,"lastgen",0.305045723386107,0.500832732605944,"Hackberry Emperor"
"fixed",NA,"zordsite:zordann",1.18265161810037,0.64038899797431,1.84677066882996,269.876261354974,0.0658750685010222,"lastgen",0.305045723386107,0.500832732605944,"Hackberry Emperor"
"ran_pars","SiteID","sd__(Intercept)",0.506626013072672,NA,NA,NA,NA,"lastgen",0.305045723386107,0.500832732605944,"Hackberry Emperor"
"ran_pars","Residual","sd__Observation",0.808944261477918,NA,NA,NA,NA,"lastgen",0.305045723386107,0.500832732605944,"Hackberry Emperor"
"fixed",NA,"(Intercept)",-3.4506887183129,0.214513516172864,-16.0861132663184,41.4708012941461,1.9704319104597e-19,"lastgen",0.11619019085376,0.747711224367553,"Hobomok Skipper"
"fixed",NA,"zdensann",-0.914052742460097,0.08211882697457,-11.1308548372611,226.45259635197,3.07113304284981e-23,"lastgen",0.11619019085376,0.747711224367553,"Hobomok Skipper"
"fixed",NA,"zyear",-0.020841119549778,0.00923677876899591,-2.25631901239566,240.506958548575,0.024949358531713,"lastgen",0.11619019085376,0.747711224367553,"Hobomok Skipper"
"ran_pars","SiteID","sd__(Intercept)",1.34792438211365,NA,NA,NA,NA,"lastgen",0.11619019085376,0.747711224367553,"Hobomok Skipper"
"ran_pars","Residual","sd__Observation",0.8519627051318,NA,NA,NA,NA,"lastgen",0.11619019085376,0.747711224367553,"Hobomok Skipper"
"fixed",NA,"(Intercept)",-1.09178012524867,0.233309488501244,-4.67953589141253,27.7301396863964,6.79989638882461e-05,"lastgen",0.181791993876616,0.583127452457716,"Horace's Duskywing"
"fixed",NA,"zdensann",-0.72737360651912,0.0909296861447807,-7.9992974501306,121.090537114196,8.47912553058272e-13,"lastgen",0.181791993876616,0.583127452457716,"Horace's Duskywing"
"fixed",NA,"zyear",0.0036945585886078,0.0193990575605826,0.190450416318927,144.958306108682,0.849222651892415,"lastgen",0.181791993876616,0.583127452457716,"Horace's Duskywing"
"ran_pars","SiteID","sd__(Intercept)",1.05510706352362,NA,NA,NA,NA,"lastgen",0.181791993876616,0.583127452457716,"Horace's Duskywing"
"ran_pars","Residual","sd__Observation",1.07533656286271,NA,NA,NA,NA,"lastgen",0.181791993876616,0.583127452457716,"Horace's Duskywing"
"fixed",NA,"(Intercept)",-1.45395233119964,0.113800131446447,-12.7763677661818,60.5187641445434,7.78751942554481e-19,"lastgen",0.188406999451126,0.568947392959607,"Least Skipper"
"fixed",NA,"zdensann",-0.401137574390242,0.0432972930180896,-9.2647264165602,618.909603116738,3.18819287392383e-19,"lastgen",0.188406999451126,0.568947392959607,"Least Skipper"
"fixed",NA,"zyear",0.0191498784855165,0.00666697743873665,2.8723478760032,701.019472890386,0.00419743410683683,"lastgen",0.188406999451126,0.568947392959607,"Least Skipper"
"fixed",NA,"zordsite",-1.99572073828014,0.423734336931525,-4.70983954883658,68.0451330792944,1.2649030386907e-05,"lastgen",0.188406999451126,0.568947392959607,"Least Skipper"
"ran_pars","SiteID","sd__(Intercept)",0.896627626335428,NA,NA,NA,NA,"lastgen",0.188406999451126,0.568947392959607,"Least Skipper"
"ran_pars","Residual","sd__Observation",0.954282308573032,NA,NA,NA,NA,"lastgen",0.188406999451126,0.568947392959607,"Least Skipper"
"fixed",NA,"(Intercept)",-3.39804826092273,0.202491404435097,-16.7811975545455,42.4221392804968,2.42859017814675e-20,"lastgen",0.227133004007789,0.766399217052108,"Little Glassy Wing"
"fixed",NA,"zdensann",-0.970083181749637,0.0761445973630833,-12.7400132818872,250.117600706701,5.48766568905713e-29,"lastgen",0.227133004007789,0.766399217052108,"Little Glassy Wing"
"fixed",NA,"zyear",0.0368496328197215,0.00863318046241665,4.26837281812203,269.098369602675,2.73132394573891e-05,"lastgen",0.227133004007789,0.766399217052108,"Little Glassy Wing"
"fixed",NA,"zordsite",-2.34750528803448,0.768315056656197,-3.05539409607709,49.4384139554925,0.00361741240227006,"lastgen",0.227133004007789,0.766399217052108,"Little Glassy Wing"
"fixed",NA,"zordann",-0.0438307772250766,0.234894824997164,-0.186597457928696,250.963838400798,0.852127009304594,"lastgen",0.227133004007789,0.766399217052108,"Little Glassy Wing"
"fixed",NA,"zordsite:zordann",2.29932064723546,1.19003540893426,1.93214473281482,250.084548441152,0.0544711526797233,"lastgen",0.227133004007789,0.766399217052108,"Little Glassy Wing"
"ran_pars","SiteID","sd__(Intercept)",1.28745563039479,NA,NA,NA,NA,"lastgen",0.227133004007789,0.766399217052108,"Little Glassy Wing"
"ran_pars","Residual","sd__Observation",0.847359713749038,NA,NA,NA,NA,"lastgen",0.227133004007789,0.766399217052108,"Little Glassy Wing"
"fixed",NA,"(Intercept)",-0.622954641277836,0.15975026708686,-3.89955305013118,42.8829187346966,0.000334181637000476,"lastgen",0.208199582602082,0.590248422942168,"Meadow Fritillary"
"fixed",NA,"zdensann",-0.431934040670374,0.0648628236958543,-6.65919267862495,138.197679466882,5.99066347099629e-10,"lastgen",0.208199582602082,0.590248422942168,"Meadow Fritillary"
"fixed",NA,"zyear",0.027364940212247,0.0137792339752232,1.98595511633322,169.999844121572,0.048645810413255,"lastgen",0.208199582602082,0.590248422942168,"Meadow Fritillary"
"fixed",NA,"zordsite",-1.40656194307806,0.514995562923041,-2.73121177024248,47.5517017993432,0.0088263768542147,"lastgen",0.208199582602082,0.590248422942168,"Meadow Fritillary"
"ran_pars","SiteID","sd__(Intercept)",0.851117712088581,NA,NA,NA,NA,"lastgen",0.208199582602082,0.590248422942168,"Meadow Fritillary"
"ran_pars","Residual","sd__Observation",0.881435428177263,NA,NA,NA,NA,"lastgen",0.208199582602082,0.590248422942168,"Meadow Fritillary"
"fixed",NA,"(Intercept)",-3.07323596059021,0.263365352582478,-11.6690974361472,33.4619044538198,2.43593057795439e-13,"lastgen",0.100463944754048,0.761804385722723,"Northern Broken-Dash"
"fixed",NA,"zdensann",-0.895434145807886,0.111940701558511,-7.99918290077757,157.286828667902,2.55829929740585e-13,"lastgen",0.100463944754048,0.761804385722723,"Northern Broken-Dash"
"fixed",NA,"zyear",0.0276530992939712,0.0135317989686187,2.04356415271177,179.386363786338,0.0424589047074266,"lastgen",0.100463944754048,0.761804385722723,"Northern Broken-Dash"
"fixed",NA,"zordann",1.02359778117274,0.353647003986964,2.89440535232266,157.914882140963,0.00433655395606013,"lastgen",0.100463944754048,0.761804385722723,"Northern Broken-Dash"
"ran_pars","SiteID","sd__(Intercept)",1.5350513242921,NA,NA,NA,NA,"lastgen",0.100463944754048,0.761804385722723,"Northern Broken-Dash"
"ran_pars","Residual","sd__Observation",0.921249448275273,NA,NA,NA,NA,"lastgen",0.100463944754048,0.761804385722723,"Northern Broken-Dash"
"fixed",NA,"(Intercept)",-0.0131027173715021,0.143034788897164,-0.091605108606986,28.0859141577068,0.927662049381733,"lastgen",0.366432191922588,0.580294625878644,"Northern Pearly-Eye"
"fixed",NA,"zdensann",-0.755291345850838,0.0913242668453594,-8.27043426617137,145.005806750541,7.83444882376771e-14,"lastgen",0.366432191922588,0.580294625878644,"Northern Pearly-Eye"
"fixed",NA,"zyear",0.0472381484238407,0.0136718325525177,3.45514386914736,164.289884150687,0.000699942412869163,"lastgen",0.366432191922588,0.580294625878644,"Northern Pearly-Eye"
"fixed",NA,"zordsite",-0.850761125563801,0.350297655703629,-2.42868061407637,28.9071069356717,0.0216066237247042,"lastgen",0.366432191922588,0.580294625878644,"Northern Pearly-Eye"
"fixed",NA,"zordann",0.851474385703673,0.232634079125597,3.66014467400526,146.461171096333,0.000351174856070588,"lastgen",0.366432191922588,0.580294625878644,"Northern Pearly-Eye"
"ran_pars","SiteID","sd__(Intercept)",0.635816451168378,NA,NA,NA,NA,"lastgen",0.366432191922588,0.580294625878644,"Northern Pearly-Eye"
"ran_pars","Residual","sd__Observation",0.890710912705318,NA,NA,NA,NA,"lastgen",0.366432191922588,0.580294625878644,"Northern Pearly-Eye"
"fixed",NA,"(Intercept)",-1.71547533398052,0.0520262314034871,-32.9732768971141,101.775558978093,3.90123349429458e-56,"lastgen",0.457971947719363,0.596242527914411,"Pearl Crescent"
"fixed",NA,"zdensann",-0.0153655291571974,0.0259364372562529,-0.592430217203135,1151.79810886682,0.553678818428238,"lastgen",0.457971947719363,0.596242527914411,"Pearl Crescent"
"fixed",NA,"zyear",0.024530998059395,0.00399123588664963,6.14621604837973,1215.57314472206,1.07402834277603e-09,"lastgen",0.457971947719363,0.596242527914411,"Pearl Crescent"
"fixed",NA,"zordsite",-3.50376026993838,0.243284884843377,-14.4018822714533,98.6509358410669,5.39870931343576e-26,"lastgen",0.457971947719363,0.596242527914411,"Pearl Crescent"
"fixed",NA,"zordann",-1.50593722830351,0.118130856833027,-12.7480428795339,1162.56847178795,6.18507280857994e-35,"lastgen",0.457971947719363,0.596242527914411,"Pearl Crescent"
"fixed",NA,"zordsite:zordann",-1.17411969884506,0.531702810817176,-2.20822548791975,1152.36658646546,0.02742488450816,"lastgen",0.457971947719363,0.596242527914411,"Pearl Crescent"
"ran_pars","SiteID","sd__(Intercept)",0.459502579365174,NA,NA,NA,NA,"lastgen",0.457971947719363,0.596242527914411,"Pearl Crescent"
"ran_pars","Residual","sd__Observation",0.785205525933104,NA,NA,NA,NA,"lastgen",0.457971947719363,0.596242527914411,"Pearl Crescent"
"fixed",NA,"(Intercept)",-1.4322643039914,0.102135416135893,-14.0231895867125,87.1503876750422,4.62585086615777e-24,"lastgen",0.363883478799385,0.580816037646114,"Peck's Skipper"
"fixed",NA,"zdensann",-0.681121852264239,0.052822463231249,-12.8945492239237,684.591347168356,3.26618129689058e-34,"lastgen",0.363883478799385,0.580816037646114,"Peck's Skipper"
"fixed",NA,"zyear",0.0292566181446412,0.00745620047252097,3.92379714741622,755.807229236203,9.51085750762752e-05,"lastgen",0.363883478799385,0.580816037646114,"Peck's Skipper"
"fixed",NA,"zordsite",-3.30970768853983,0.389735081258325,-8.49219854126008,92.2890560052919,3.30987119379069e-13,"lastgen",0.363883478799385,0.580816037646114,"Peck's Skipper"
"fixed",NA,"zordann",-0.639388509417654,0.16517848666362,-3.87089458398868,683.581613967375,0.00011883093642309,"lastgen",0.363883478799385,0.580816037646114,"Peck's Skipper"
"ran_pars","SiteID","sd__(Intercept)",0.798431782543128,NA,NA,NA,NA,"lastgen",0.363883478799385,0.580816037646114,"Peck's Skipper"
"ran_pars","Residual","sd__Observation",1.10988447355297,NA,NA,NA,NA,"lastgen",0.363883478799385,0.580816037646114,"Peck's Skipper"
"fixed",NA,"(Intercept)",-1.12369516722051,0.112623899384368,-9.97741308339461,79.2055270911125,1.18720786044967e-15,"lastgen",0.179678540160924,0.56808404303624,"Red-spotted Purple"
"fixed",NA,"zdensann",-0.608516330003167,0.0590680052964441,-10.301961729522,451.820413700446,1.6999721047423e-22,"lastgen",0.179678540160924,0.56808404303624,"Red-spotted Purple"
"fixed",NA,"zyear",-0.00629774020248397,0.00778474045582783,-0.808985249825425,518.09464189725,0.418894973817806,"lastgen",0.179678540160924,0.56808404303624,"Red-spotted Purple"
"fixed",NA,"zordsite",-2.2875249529914,0.521067579840342,-4.39007345974645,98.5425552175443,2.85070154344331e-05,"lastgen",0.179678540160924,0.56808404303624,"Red-spotted Purple"
"fixed",NA,"zordann",-0.137742263524737,0.161547762132903,-0.852641111867699,454.670332388953,0.39430727155921,"lastgen",0.179678540160924,0.56808404303624,"Red-spotted Purple"
"fixed",NA,"zordsite:zordann",2.99149856380259,0.89360803453299,3.34766301129553,451.29174713928,0.00088318325815009,"lastgen",0.179678540160924,0.56808404303624,"Red-spotted Purple"
"ran_pars","SiteID","sd__(Intercept)",0.895295932733811,NA,NA,NA,NA,"lastgen",0.179678540160924,0.56808404303624,"Red-spotted Purple"
"ran_pars","Residual","sd__Observation",0.944112067959317,NA,NA,NA,NA,"lastgen",0.179678540160924,0.56808404303624,"Red-spotted Purple"
"fixed",NA,"(Intercept)",-1.38505541469976,0.0846561857218938,-16.3609475537894,103.824560752359,1.66088875243036e-30,"lastgen",0.0671497277722943,0.402964423334061,"Silver-spotted Skipper"
"fixed",NA,"zdensann",-0.280466751329784,0.0435682750372748,-6.43740774886843,1000.42040549551,1.88274913460257e-10,"lastgen",0.0671497277722943,0.402964423334061,"Silver-spotted Skipper"
"fixed",NA,"zyear",0.00242552748747026,0.00555649275712044,0.436521308223076,1092.78697557249,0.662544773441152,"lastgen",0.0671497277722943,0.402964423334061,"Silver-spotted Skipper"
"fixed",NA,"zordsite",-1.22124739349493,0.376655050204487,-3.24234971184355,101.197111594451,0.00160589281875812,"lastgen",0.0671497277722943,0.402964423334061,"Silver-spotted Skipper"
"ran_pars","SiteID","sd__(Intercept)",0.759765981883686,NA,NA,NA,NA,"lastgen",0.0671497277722943,0.402964423334061,"Silver-spotted Skipper"
"ran_pars","Residual","sd__Observation",1.01304818123805,NA,NA,NA,NA,"lastgen",0.0671497277722943,0.402964423334061,"Silver-spotted Skipper"
"fixed",NA,"(Intercept)",0.0217817942329724,0.22618987149806,0.0962987161569667,33.2099074952589,0.923862118249987,"lastgen",0.251947129436197,0.595229774202092,"Silvery Checkerspot"
"fixed",NA,"zdensann",-0.75717595447025,0.107940601128301,-7.01474650460997,114.561810976081,1.71727785345818e-10,"lastgen",0.251947129436197,0.595229774202092,"Silvery Checkerspot"
"fixed",NA,"zyear",0.0721115464275539,0.0173659865475903,4.15245895935352,129.775098197954,5.91985192100124e-05,"lastgen",0.251947129436197,0.595229774202092,"Silvery Checkerspot"
"fixed",NA,"zordann",0.778659156057052,0.309477408587172,2.51604522479296,113.540884012261,0.0132654772524042,"lastgen",0.251947129436197,0.595229774202092,"Silvery Checkerspot"
"ran_pars","SiteID","sd__(Intercept)",0.9015127333173,NA,NA,NA,NA,"lastgen",0.251947129436197,0.595229774202092,"Silvery Checkerspot"
"ran_pars","Residual","sd__Observation",0.978926806112603,NA,NA,NA,NA,"lastgen",0.251947129436197,0.595229774202092,"Silvery Checkerspot"
NA,NA,"(Intercept)",-2.94036346524543,0.154146203218007,-19.0751598408618,NA,4.79271730168244e-24,"lastgen",0.477112522639065,NA,"Southern Cloudywing"
NA,NA,"zdensann",-0.896207027625276,0.247946033282145,-3.61452456311514,NA,0.000719599506635985,"lastgen",0.477112522639065,NA,"Southern Cloudywing"
NA,NA,"zyear",0.00102164469596993,0.0233973580416703,0.0436649596997402,NA,0.965352613823341,"lastgen",0.477112522639065,NA,"Southern Cloudywing"
NA,NA,"zordsite",2.67145733515056,0.804857640254197,3.31916751676338,NA,0.00172917064975472,"lastgen",0.477112522639065,NA,"Southern Cloudywing"
NA,NA,"zordann",1.41336381103953,0.546281673940713,2.58724368482645,NA,0.0127593558131406,"lastgen",0.477112522639065,NA,"Southern Cloudywing"
"fixed",NA,"(Intercept)",-1.23684256847684,0.0821618812414753,-15.0537274681155,60.7247539178797,3.65330289943222e-22,"lastgen",0.0959487479354245,0.458999720484262,"Spicebush Swallowtail"
"fixed",NA,"zdensann",-0.243033241037108,0.0415171133649807,-5.8538087390754,551.961850885049,8.24900677793928e-09,"lastgen",0.0959487479354245,0.458999720484262,"Spicebush Swallowtail"
"fixed",NA,"zyear",-0.0093675786937262,0.00534475871599629,-1.75266633939714,635.796297467353,0.0801412752015735,"lastgen",0.0959487479354245,0.458999720484262,"Spicebush Swallowtail"
"fixed",NA,"zordsite",-1.5145195259417,0.42555817621662,-3.55890125154304,74.5829080857205,0.000652015982361565,"lastgen",0.0959487479354245,0.458999720484262,"Spicebush Swallowtail"
"fixed",NA,"zordann",-0.123238592731516,0.13881261321144,-0.887805436987188,556.601405884504,0.375028891433255,"lastgen",0.0959487479354245,0.458999720484262,"Spicebush Swallowtail"
"fixed",NA,"zordsite:zordann",-2.11698136880267,0.783542134954602,-2.70180922551832,552.144308141374,0.00710835502676184,"lastgen",0.0959487479354245,0.458999720484262,"Spicebush Swallowtail"
"ran_pars","SiteID","sd__(Intercept)",0.621736919631688,NA,NA,NA,NA,"lastgen",0.0959487479354245,0.458999720484262,"Spicebush Swallowtail"
"ran_pars","Residual","sd__Observation",0.758964739583856,NA,NA,NA,NA,"lastgen",0.0959487479354245,0.458999720484262,"Spicebush Swallowtail"
"fixed",NA,"(Intercept)",0.300287518293596,0.137776472713596,2.17952682616445,33.1254472915505,0.0365040177690506,"lastgen",0.286637110546883,0.550822063275852,"Tawny-edged Skipper"
"fixed",NA,"zdensann",-0.870951224106286,0.083392906468457,-10.4439485441813,136.377969891663,4.00362547427733e-19,"lastgen",0.286637110546883,0.550822063275852,"Tawny-edged Skipper"
"fixed",NA,"zyear",0.0102586001854712,0.0134821535796761,0.760902190057801,169.191730773466,0.447774650461409,"lastgen",0.286637110546883,0.550822063275852,"Tawny-edged Skipper"
"ran_pars","SiteID","sd__(Intercept)",0.674374916785328,NA,NA,NA,NA,"lastgen",0.286637110546883,0.550822063275852,"Tawny-edged Skipper"
"ran_pars","Residual","sd__Observation",0.879339490657379,NA,NA,NA,NA,"lastgen",0.286637110546883,0.550822063275852,"Tawny-edged Skipper"
"fixed",NA,"(Intercept)",0.133711613706915,0.0653799067675654,2.0451484304234,63.8437240853532,0.0449666053538038,"lastgen",0.247087526630797,0.509968144824492,"Viceroy"
"fixed",NA,"zdensann",-0.49985638500625,0.0379833049433996,-13.1598971114048,519.488054911378,2.4384252703373e-34,"lastgen",0.247087526630797,0.509968144824492,"Viceroy"
"fixed",NA,"zyear",-0.0029395561531317,0.00489783270144203,-0.600174879853743,599.717381031596,0.548616405279376,"lastgen",0.247087526630797,0.509968144824492,"Viceroy"
"fixed",NA,"zordsite",1.65290599748089,0.384782900534741,4.29568464498763,102.546260386821,3.96744239972585e-05,"lastgen",0.247087526630797,0.509968144824492,"Viceroy"
"fixed",NA,"zordann",0.930643319031686,0.146360233017811,6.35858046849675,523.169787285343,4.4417464895829e-10,"lastgen",0.247087526630797,0.509968144824492,"Viceroy"
"ran_pars","SiteID","sd__(Intercept)",0.481677065450333,NA,NA,NA,NA,"lastgen",0.247087526630797,0.509968144824492,"Viceroy"
"ran_pars","Residual","sd__Observation",0.657640939437499,NA,NA,NA,NA,"lastgen",0.247087526630797,0.509968144824492,"Viceroy"
"fixed",NA,"(Intercept)",0.377481675508695,0.146978396636222,2.56827999316783,48.1166662071322,0.0133794604260044,"lastgen",0.128010116226273,0.573753053673644,"Wild Indigo Duskywing"
"fixed",NA,"zdensann",-0.546567691669103,0.0570152523009312,-9.58634171755084,255.165919201821,8.68349327710787e-19,"lastgen",0.128010116226273,0.573753053673644,"Wild Indigo Duskywing"
"fixed",NA,"zyear",-0.0014689903978314,0.0107728751162165,-0.136360106469639,303.076725111775,0.8916271402144,"lastgen",0.128010116226273,0.573753053673644,"Wild Indigo Duskywing"
"ran_pars","SiteID","sd__(Intercept)",0.887281382231306,NA,NA,NA,NA,"lastgen",0.128010116226273,0.573753053673644,"Wild Indigo Duskywing"
"ran_pars","Residual","sd__Observation",0.867660394200798,NA,NA,NA,NA,"lastgen",0.128010116226273,0.573753053673644,"Wild Indigo Duskywing"
"fixed",NA,"(Intercept)",0.642120858076126,0.0851230229094825,7.54344519412733,74.6074762631188,9.02462133571881e-11,"lastgen",0.265494641385882,0.553560131281286,"Zabulon Skipper"
"fixed",NA,"zdensann",-0.68085892062004,0.0391182020834103,-17.4051690608957,463.555099245351,1.40201232385422e-52,"lastgen",0.265494641385882,0.553560131281286,"Zabulon Skipper"
"fixed",NA,"zyear",0.0286875592339207,0.00573628081093602,5.00107302613722,531.623745932306,7.75672926774488e-07,"lastgen",0.265494641385882,0.553560131281286,"Zabulon Skipper"
"ran_pars","SiteID","sd__(Intercept)",0.611897051157364,NA,NA,NA,NA,"lastgen",0.265494641385882,0.553560131281286,"Zabulon Skipper"
"ran_pars","Residual","sd__Observation",0.761753098742782,NA,NA,NA,NA,"lastgen",0.265494641385882,0.553560131281286,"Zabulon Skipper"
"fixed",NA,"(Intercept)",-1.42777239934785,0.172744526268181,-8.26522512864617,10.797347714794,5.40064002621387e-06,"lastgen",0.270273218942173,0.369777540080109,"Zebra Swallowtail"
"fixed",NA,"zdensann",-0.667469479255131,0.138234991864878,-4.8285131734776,98.7749483238058,5.02532550706348e-06,"lastgen",0.270273218942173,0.369777540080109,"Zebra Swallowtail"
"fixed",NA,"zyear",0.0708714116778958,0.0199255773685046,3.55680592673408,110.986978395567,0.00055326378467927,"lastgen",0.270273218942173,0.369777540080109,"Zebra Swallowtail"
"fixed",NA,"zordsite",1.964027630624,0.899773933721409,2.18280120930032,12.6690724185627,0.0485062887287186,"lastgen",0.270273218942173,0.369777540080109,"Zebra Swallowtail"
"fixed",NA,"zordann",1.05625213959877,0.374601824274131,2.81966629939799,94.0155337081465,0.00586289860912893,"lastgen",0.270273218942173,0.369777540080109,"Zebra Swallowtail"
"ran_pars","SiteID","sd__(Intercept)",0.434753496674721,NA,NA,NA,NA,"lastgen",0.270273218942173,0.369777540080109,"Zebra Swallowtail"
"ran_pars","Residual","sd__Observation",1.094130315549,NA,NA,NA,NA,"lastgen",0.270273218942173,0.369777540080109,"Zebra Swallowtail"
